Zerglings Zealots Adepts died near Natural;SkippyJo lost 16 units, 8.0 supply.X_LDFluffy lost 4 units, 8 supply.X_LDFrom 0:04:21 to 0:04:56. X_LDX_LD====SkippyJo==== X_LDKill(s): Roach killed Zealot, Roach killed Adept, Zergling killed Zealot, Zergling killed Adept,   X_LDCombat: A-move(13),  X_LDNon-combat: Right Click(48),  X_LDControl group(s) used: X_LD4: X_LD3:  X_LDX_LD====Fluffy==== X_LDKill(s): Zealot killed Zergling(7), Adept killed Zergling(7), Sentry killed Zergling(2),  X_LDLost: Pylon, Warp Gate,  X_LDCombat: Chrono Boost Energy Cost(8), A-move(7), Force Field(2), Unload Target Warp Prism(2),  X_LDNon-combat: Right Click(62), Warp In Sentry, Warp In Zealot(2),  X_LDControl group(s) used: X_LD6: Main base, Natural, X_LD1: Sentry(2), ;Battle;Battle_1;0:04:21;Common;20;16;4;16.0;0:04:56;;;;;;;;;;;;
Zerglings Zealots died near Main base;SkippyJo lost 14 units, 7.0 supply.X_LDFluffy lost 1 units, 2 supply.X_LDFrom 0:05:05 to 0:05:15. X_LDX_LD====SkippyJo==== X_LDKill(s): Roach killed Zealot,   X_LDCombat: A-move(7),  X_LDNon-combat: Right Click(39),  X_LDControl group(s) used: X_LD4: X_LD3:  X_LDX_LD====Fluffy==== X_LDKill(s): Zealot killed Zergling(11), Sentry killed Zergling(3),   X_LDCombat: A-move(4), Unload Target Warp Prism,  X_LDNon-combat: Right Click(43), Warp In Zealot(2),  X_LDControl group(s) used: X_LD1: Sentry(2), Zealot(6), X_LD2: Probe, Warp Prism Phasing, ;Battle;Battle_2;0:05:05;Common;15;14;1;9.0;0:05:15;;;;;;;;;;;;
Zerglings Zealots died near Main base;SkippyJo lost 3 units, 1.5 supply.X_LDFluffy lost 2 units, 4 supply.X_LDFrom 0:05:20 to 0:05:26. X_LDX_LD====SkippyJo==== X_LDKill(s): Roach killed Zealot(2),   X_LDCombat: A-move(7),  X_LDNon-combat: Right Click(21),  X_LDControl group(s) used: X_LD4: X_LD3:  X_LDX_LD====Fluffy==== X_LDKill(s): Zealot killed Zergling(3),    X_LDNon-combat: Warp In Zealot(3), Right Click(25),  X_LDControl group(s) used: X_LD1: Sentry(2), Zealot(10), X_LD2: Probe, Warp Prism Phasing, ;Battle;Battle_3;0:05:20;Common;5;3;2;5.5;0:05:26;;;;;;;;;;;;
Zerglings Roachs Zealots died near Main base;SkippyJo lost 23 units, 23.5 supply.X_LDFluffy lost 5 units, 10 supply.X_LDFrom 0:05:31 to 0:05:50. X_LDX_LD====SkippyJo==== X_LDKill(s): Zergling killed Zealot, Roach killed Zealot(4),   X_LDCombat: A-move(8),  X_LDNon-combat: Right Click(24), Spawn Larva,  X_LDControl group(s) used: X_LD4: Larva(2), X_LD3:  X_LDX_LD====Fluffy==== X_LDKill(s): Zealot killed Zergling(14), Sentry killed Zergling, Zealot killed Roach(8),  X_LDLost: Warp Gate,  X_LDCombat: A-move(4), Unload Target Warp Prism(5),  X_LDNon-combat: Right Click(22), Warp In Zealot(2),  X_LDControl group(s) used: X_LD1: Sentry(2), Zealot(8), X_LD2: Probe, Warp Prism Phasing, X_LD6: Main base, Natural, ;Battle;Battle_4;0:05:31;Common;28;23;5;33.5;0:05:50;;;;;;;;;;;;
Queens Zerglings Roachs Zealots died near Main base;SkippyJo lost 17 units, 22.0 supply.X_LDFluffy lost 10 units, 20 supply.X_LDFrom 0:06:45 to 0:07:08. X_LDX_LD====SkippyJo==== X_LDKill(s): Queen killed Zealot, Roach killed Zealot(3), Zealot killed Zealot(3), Zergling killed Zealot(3),   X_LDCombat: A-move(7),  X_LDNon-combat: Right Click(14),  X_LDControl group(s) used: X_LD3: Larva, X_LD4:  X_LDX_LD====Fluffy==== X_LDKill(s): Zealot killed Queen(3), Zealot killed Zergling(6), Sentry killed Zergling(2), Zealot killed Roach(4), Sentry killed Roach(2),   X_LDCombat: A-move(9), Force Field,  X_LDNon-combat: Right Click(52), Warp In Zealot(2),  X_LDControl group(s) used: X_LD2: Probe, Warp Prism Phasing, X_LD1: Sentry(2), Zealot(9), ;Battle;Battle_5;0:06:45;Common;27;17;10;42.0;0:07:08;;;;;;;;;;;;
Zerglings Roachs Zealots died near Main base;SkippyJo lost 19 units, 20.0 supply.X_LDFluffy lost 6 units, 12 supply.X_LDFrom 0:07:13 to 0:07:29. X_LDX_LD====SkippyJo==== X_LDKill(s): Zergling killed Zealot(2), Roach killed Zealot(4),   X_LDCombat: A-move(4),  X_LDNon-combat: Right Click(10),  X_LDControl group(s) used: X_LD4: X_LD3:  X_LDX_LD====Fluffy==== X_LDKill(s): Zealot killed Zergling(12), Zealot killed Roach(7),   X_LDCombat: A-move(4), Force Field(2),  X_LDNon-combat: Right Click(53), Warp In Zealot(3),  X_LDControl group(s) used: X_LD1: Sentry(2), Zealot(9), X_LD2: Probe, Warp Prism Phasing, X_LD6: Main base, Natural, ;Battle;Battle_6;0:07:13;Common;25;19;6;32.0;0:07:29;;;;;;;;;;;;
Zergling Movement Speed;SkippyJo completed Zergling Movement Speed at 00:03:32;Upgrade;Upgrade_1;00:03:32;SkippyJo;;;;;;;;;;;;;;;
Warp Gate Research;Fluffy completed Warp Gate Research at 00:04:05;Upgrade;Upgrade_2;00:04:05;Fluffy;;;;;;;;;;;;;;;
Charge;Fluffy completed Charge at 00:04:14;Upgrade;Upgrade_3;00:04:14;Fluffy;;;;;;;;;;;;;;;
Extractor;;Building;Building_4;00:01:30;SkippyJo;Extractor;;;;;;;;;;;;;;;;
Main base;;Building;Building_5;00:02:00;SkippyJo;Main base;;;;;;;;;;;;;;;;
Spawning Pool;;Building;Building_6;00:02:01;SkippyJo;Spawning Pool;;;;;;;;;;;;;;;;
Roach Warren;;Building;Building_12;00:03:20;SkippyJo;Roach Warren;;;;;;;;;;;;;;;;
Natural 1;;Building;Building_24;00:05:20;SkippyJo;Natural;;;;;;;;;;;;;;;;
Pylon;;Building;Building_1;00:00:37;Fluffy;Pylon;;;;;;;;;;;;;;;;
Assimilator;;Building;Building_2;00:01:08;Fluffy;Assimilator;;;;;;;;;;;;;;;;
Warp Gate;;Building;Building_3;00:01:24;Fluffy;Warp Gate;;;;;;;;;;;;;;;;
Pylon 1;;Building;Building_7;00:02:04;Fluffy;Pylon;;;;;;;;;;;;;;;;
Cybernetics Core;;Building;Building_8;00:02:07;Fluffy;Cybernetics Core;;;;;;;;;;;;;;;;
Assimilator 1;;Building;Building_9;00:02:12;Fluffy;Assimilator;;;;;;;;;;;;;;;;
Natural;;Building;Building_10;00:02:32;Fluffy;Natural;;;;;;;;;;;;;;;;
Twilight Council;;Building;Building_11;00:02:51;Fluffy;Twilight Council;;;;;;;;;;;;;;;;
Warp Gate 1;;Building;Building_13;00:03:45;Fluffy;Warp Gate;;;;;;;;;;;;;;;;
Pylon 2;;Building;Building_14;00:03:48;Fluffy;Pylon;;;;;;;;;;;;;;;;
Robotics Facility;;Building;Building_15;00:04:05;Fluffy;Robotics Facility;;;;;;;;;;;;;;;;
Pylon 3;;Building;Building_16;00:04:29;Fluffy;Pylon;;;;;;;;;;;;;;;;
Pylon 4;;Building;Building_17;00:04:31;Fluffy;Pylon;;;;;;;;;;;;;;;;
Warp Gate 2;;Building;Building_18;00:04:34;Fluffy;Warp Gate;;;;;;;;;;;;;;;;
Warp Gate 3;;Building;Building_19;00:04:36;Fluffy;Warp Gate;;;;;;;;;;;;;;;;
Warp Gate 4;;Building;Building_20;00:04:38;Fluffy;Warp Gate;;;;;;;;;;;;;;;;
Warp Gate 5;;Building;Building_21;00:04:39;Fluffy;Warp Gate;;;;;;;;;;;;;;;;
Warp Gate 6;;Building;Building_22;00:04:49;Fluffy;Warp Gate;;;;;;;;;;;;;;;;
Warp Gate 7;;Building;Building_23;00:04:49;Fluffy;Warp Gate;;;;;;;;;;;;;;;;
Pylon 5;;Building;Building_25;00:06:25;Fluffy;Pylon;;;;;;;;;;;;;;;;
Pylon 6;;Building;Building_26;00:06:37;Fluffy;Pylon;;;;;;;;;;;;;;;;
Cybernetics Core 1;;Building;Building_27;00:07:08;Fluffy;Cybernetics Core;;;;;;;;;;;;;;;;
Warp Gate 8;;Building;Building_28;00:07:16;Fluffy;Warp Gate;;;;;;;;;;;;;;;;
Warp Gate 9;;Building;Building_29;00:07:18;Fluffy;Warp Gate;;;;;;;;;;;;;;;;
Drone;Drone completed by SkippyJo in last 10s from 00:00:10;Units;Units_1;00:00:10;SkippyJo;Drone;1;1;1;;;;;;;;;;;;;
Drone;Drone completed by SkippyJo in last 10s from 00:00:30;Units;Units_4;00:00:30;SkippyJo;Drone;1;1;2;;;;;;;;;;;;;
Overlord;Overlord completed by SkippyJo in last 10s from 00:00:30;Units;Units_5;00:00:30;SkippyJo;Overlord;1;0;1;;;;;;;;;;;;;
2 Drones;2 Drones completed by SkippyJo in last 10s from 00:00:40;Units;Units_6;00:00:40;SkippyJo;Drone;2;2;4;;;;;;;;;;;;;
Drone;Drone completed by SkippyJo in last 10s from 00:01:00;Units;Units_9;00:01:00;SkippyJo;Drone;1;1;5;;;;;;;;;;;;;
2 Drones;2 Drones completed by SkippyJo in last 10s from 00:01:10;Units;Units_11;00:01:10;SkippyJo;Drone;2;2;7;;;;;;;;;;;;;
2 Drones;2 Drones completed by SkippyJo in last 10s from 00:01:30;Units;Units_13;00:01:30;SkippyJo;Drone;2;2;8;;;;;;;;;;;;;
Drone;Drone completed by SkippyJo in last 10s from 00:01:40;Units;Units_14;00:01:40;SkippyJo;Drone;1;1;9;;;;;;;;;;;;;
2 Drones;2 Drones completed by SkippyJo in last 10s from 00:02:00;Units;Units_15;00:02:00;SkippyJo;Drone;2;2;9;;;;;;;;;;;;;
Drone;Drone completed by SkippyJo in last 10s from 00:02:20;Units;Units_18;00:02:20;SkippyJo;Drone;1;1;10;;;;;;;;;;;;;
Overlord;Overlord completed by SkippyJo in last 10s from 00:02:20;Units;Units_19;00:02:20;SkippyJo;Overlord;1;0;2;;;;;;;;;;;;;
2 Drones;2 Drones completed by SkippyJo in last 10s from 00:02:30;Units;Units_21;00:02:30;SkippyJo;Drone;2;2;12;;;;;;;;;;;;;
2 Drones;2 Drones completed by SkippyJo in last 10s from 00:02:40;Units;Units_23;00:02:40;SkippyJo;Drone;2;2;14;;;;;;;;;;;;;
2 Queens;2 Queens completed by SkippyJo in last 10s from 00:02:40;Units;Units_24;00:02:40;SkippyJo;Queen;2;4;2;;;;;;;;;;;;;
2 Drones;2 Drones completed by SkippyJo in last 10s from 00:02:50;Units;Units_28;00:02:50;SkippyJo;Drone;2;2;16;;;;;;;;;;;;;
2 Overlords;2 Overlords completed by SkippyJo in last 10s from 00:03:00;Units;Units_30;00:03:00;SkippyJo;Overlord;2;0;4;;;;;;;;;;;;;
2 Overlords;2 Overlords completed by SkippyJo in last 10s from 00:03:10;Units;Units_33;00:03:10;SkippyJo;Overlord;2;0;6;;;;;;;;;;;;;
7 Roachs;7 Roachs completed by SkippyJo in last 10s from 00:03:40;Units;Units_38;00:03:40;SkippyJo;Roach;7;14;7;;;;;;;;;;;;;
Roach;Roach completed by SkippyJo in last 10s from 00:03:50;Units;Units_41;00:03:50;SkippyJo;Roach;1;2;8;;;;;;;;;;;;;
12 Zerglings;12 Zerglings completed by SkippyJo in last 10s from 00:04:00;Units;Units_42;00:04:00;SkippyJo;Zergling;12;6.0;12;;;;;;;;;;;;;
4 Zerglings;4 Zerglings completed by SkippyJo in last 10s from 00:04:10;Units;Units_43;00:04:10;SkippyJo;Zergling;4;2.0;16;;;;;;;;;;;;;
4 Zerglings;4 Zerglings completed by SkippyJo in last 10s from 00:04:20;Units;Units_45;00:04:20;SkippyJo;Zergling;4;2.0;18;;;;;;;;;;;;;
10 Zerglings;10 Zerglings completed by SkippyJo in last 10s from 00:04:30;Units;Units_47;00:04:30;SkippyJo;Zergling;10;5.0;24;;;;;;;;;;;;;
10 Zerglings;10 Zerglings completed by SkippyJo in last 10s from 00:05:00;Units;Units_51;00:05:00;SkippyJo;Zergling;10;5.0;18;;;;;;;;;;;;;
10 Zerglings;10 Zerglings completed by SkippyJo in last 10s from 00:05:10;Units;Units_53;00:05:10;SkippyJo;Zergling;10;5.0;20;;;;;;;;;;;;;
6 Zerglings;6 Zerglings completed by SkippyJo in last 10s from 00:05:30;Units;Units_56;00:05:30;SkippyJo;Zergling;6;3.0;16;;;;;;;;;;;;;
4 Zerglings;4 Zerglings completed by SkippyJo in last 10s from 00:05:40;Units;Units_58;00:05:40;SkippyJo;Zergling;4;2.0;12;;;;;;;;;;;;;
2 Zerglings;2 Zerglings completed by SkippyJo in last 10s from 00:05:50;Units;Units_60;00:05:50;SkippyJo;Zergling;2;1.0;14;;;;;;;;;;;;;
4 Zerglings;4 Zerglings completed by SkippyJo in last 10s from 00:06:00;Units;Units_61;00:06:00;SkippyJo;Zergling;4;2.0;18;;;;;;;;;;;;;
5 Drones;5 Drones completed by SkippyJo in last 10s from 00:06:20;Units;Units_63;00:06:20;SkippyJo;Drone;5;5;16;;;;;;;;;;;;;
Queen;Queen completed by SkippyJo in last 10s from 00:06:40;Units;Units_65;00:06:40;SkippyJo;Queen;1;2;2;;;;;;;;;;;;;
9 Roachs;9 Roachs completed by SkippyJo in last 10s from 00:06:50;Units;Units_67;00:06:50;SkippyJo;Roach;9;18;9;;;;;;;;;;;;;
2 Roachs;2 Roachs completed by SkippyJo in last 10s from 00:07:00;Units;Units_68;00:07:00;SkippyJo;Roach;2;4;5;;;;;;;;;;;;;
2 Zerglings;2 Zerglings completed by SkippyJo in last 10s from 00:07:00;Units;Units_69;00:07:00;SkippyJo;Zergling;2;1.0;12;;;;;;;;;;;;;
8 Roachs;8 Roachs completed by SkippyJo in last 10s from 00:07:20;Units;Units_71;00:07:20;SkippyJo;Roach;8;16;7;;;;;;;;;;;;;
Overlord;Overlord completed by SkippyJo in last 10s from 00:07:20;Units;Units_72;00:07:20;SkippyJo;Overlord;1;0;7;;;;;;;;;;;;;
Probe;Probe completed by Fluffy in last 10s from 00:00:10;Units;Units_2;00:00:10;Fluffy;Probe;1;1;1;;;;;;;;;;;;;
Probe;Probe completed by Fluffy in last 10s from 00:00:20;Units;Units_3;00:00:20;Fluffy;Probe;1;1;2;;;;;;;;;;;;;
Probe;Probe completed by Fluffy in last 10s from 00:00:40;Units;Units_7;00:00:40;Fluffy;Probe;1;1;3;;;;;;;;;;;;;
2 Probes;2 Probes completed by Fluffy in last 10s from 00:00:50;Units;Units_8;00:00:50;Fluffy;Probe;2;2;5;;;;;;;;;;;;;
Probe;Probe completed by Fluffy in last 10s from 00:01:00;Units;Units_10;00:01:00;Fluffy;Probe;1;1;6;;;;;;;;;;;;;
Probe;Probe completed by Fluffy in last 10s from 00:01:20;Units;Units_12;00:01:20;Fluffy;Probe;1;1;7;;;;;;;;;;;;;
Probe;Probe completed by Fluffy in last 10s from 00:02:00;Units;Units_16;00:02:00;Fluffy;Probe;1;1;8;;;;;;;;;;;;;
Probe;Probe completed by Fluffy in last 10s from 00:02:10;Units;Units_17;00:02:10;Fluffy;Probe;1;1;9;;;;;;;;;;;;;
2 Probes;2 Probes completed by Fluffy in last 10s from 00:02:20;Units;Units_20;00:02:20;Fluffy;Probe;2;2;11;;;;;;;;;;;;;
Probe;Probe completed by Fluffy in last 10s from 00:02:30;Units;Units_22;00:02:30;Fluffy;Probe;1;1;12;;;;;;;;;;;;;
Adept;Adept completed by Fluffy in last 10s from 00:02:40;Units;Units_25;00:02:40;Fluffy;Adept;1;2;1;;;;;;;;;;;;;
Adept Phase Shift;Adept Phase Shift completed by Fluffy in last 10s from 00:02:40;Units;Units_26;00:02:40;Fluffy;Adept Phase Shift;1;0;1;;;;;;;;;;;;;
2 Probes;2 Probes completed by Fluffy in last 10s from 00:02:40;Units;Units_27;00:02:40;Fluffy;Probe;2;2;14;;;;;;;;;;;;;
2 Probes;2 Probes completed by Fluffy in last 10s from 00:02:50;Units;Units_29;00:02:50;Fluffy;Probe;2;2;16;;;;;;;;;;;;;
2 Probes;2 Probes completed by Fluffy in last 10s from 00:03:00;Units;Units_31;00:03:00;Fluffy;Probe;2;2;18;;;;;;;;;;;;;
Adept Phase Shift;Adept Phase Shift completed by Fluffy in last 10s from 00:03:00;Units;Units_32;00:03:00;Fluffy;Adept Phase Shift;1;0;0;;;;;;;;;;;;;
Probe;Probe completed by Fluffy in last 10s from 00:03:10;Units;Units_34;00:03:10;Fluffy;Probe;1;1;19;;;;;;;;;;;;;
Adept;Adept completed by Fluffy in last 10s from 00:03:10;Units;Units_35;00:03:10;Fluffy;Adept;1;2;2;;;;;;;;;;;;;
Adept Phase Shift;Adept Phase Shift completed by Fluffy in last 10s from 00:03:20;Units;Units_36;00:03:20;Fluffy;Adept Phase Shift;1;0;0;;;;;;;;;;;;;
2 Probes;2 Probes completed by Fluffy in last 10s from 00:03:20;Units;Units_37;00:03:20;Fluffy;Probe;2;2;21;;;;;;;;;;;;;
Adept Phase Shift;Adept Phase Shift completed by Fluffy in last 10s from 00:03:40;Units;Units_39;00:03:40;Fluffy;Adept Phase Shift;1;0;0;;;;;;;;;;;;;
2 Probes;2 Probes completed by Fluffy in last 10s from 00:03:40;Units;Units_40;00:03:40;Fluffy;Probe;2;2;23;;;;;;;;;;;;;
Adept Phase Shift;Adept Phase Shift completed by Fluffy in last 10s from 00:04:10;Units;Units_44;00:04:10;Fluffy;Adept Phase Shift;1;0;0;;;;;;;;;;;;;
2 Zealots;2 Zealots completed by Fluffy in last 10s from 00:04:20;Units;Units_46;00:04:20;Fluffy;Zealot;2;4;2;;;;;;;;;;;;;
2 Sentrys;2 Sentrys completed by Fluffy in last 10s from 00:04:40;Units;Units_48;00:04:40;Fluffy;Sentry;2;4;2;;;;;;;;;;;;;
Warp Prism Phasing;Warp Prism Phasing completed by Fluffy in last 10s from 00:04:40;Units;Units_49;00:04:40;Fluffy;Warp Prism Phasing;1;2;1;;;;;;;;;;;;;
Zealot;Zealot completed by Fluffy in last 10s from 00:04:50;Units;Units_50;00:04:50;Fluffy;Zealot;1;2;2;;;;;;;;;;;;;
5 Zealots;5 Zealots completed by Fluffy in last 10s from 00:05:00;Units;Units_52;00:05:00;Fluffy;Zealot;5;10;7;;;;;;;;;;;;;
Zealot;Zealot completed by Fluffy in last 10s from 00:05:10;Units;Units_54;00:05:10;Fluffy;Zealot;1;2;6;;;;;;;;;;;;;
3 Zealots;3 Zealots completed by Fluffy in last 10s from 00:05:20;Units;Units_55;00:05:20;Fluffy;Zealot;3;6;8;;;;;;;;;;;;;
3 Zealots;3 Zealots completed by Fluffy in last 10s from 00:05:30;Units;Units_57;00:05:30;Fluffy;Zealot;3;6;7;;;;;;;;;;;;;
3 Zealots;3 Zealots completed by Fluffy in last 10s from 00:05:40;Units;Units_59;00:05:40;Fluffy;Zealot;3;6;9;;;;;;;;;;;;;
3 Zealots;3 Zealots completed by Fluffy in last 10s from 00:06:00;Units;Units_62;00:06:00;Fluffy;Zealot;3;6;12;;;;;;;;;;;;;
Zealot;Zealot completed by Fluffy in last 10s from 00:06:20;Units;Units_64;00:06:20;Fluffy;Zealot;1;2;13;;;;;;;;;;;;;
3 Zealots;3 Zealots completed by Fluffy in last 10s from 00:06:40;Units;Units_66;00:06:40;Fluffy;Zealot;3;6;15;;;;;;;;;;;;;
6 Zealots;6 Zealots completed by Fluffy in last 10s from 00:07:10;Units;Units_70;00:07:10;Fluffy;Zealot;6;12;10;;;;;;;;;;;;;
00:01:04 SkippyJo;SkippyJo had these stats at 00:01:04:X_LDX_LDCurrent: 85m 0gX_LDRate: 895m 0gX_LDWork: 16X_LDArmy: 0m 0gX_LDEco: 1350m 0gX_LDTech: 0m 0g;Stats;Stats_1;00:01:04;SkippyJo;85;0;895;0;16;0;0;1350;0;0;0;;;;;;
00:02:08 SkippyJo;SkippyJo had these stats at 00:02:08:X_LDX_LDCurrent: 105m 84gX_LDRate: 951m 156gX_LDWork: 21X_LDArmy: 0m 0gX_LDEco: 2025m 0gX_LDTech: 250m 0g;Stats;Stats_3;00:02:08;SkippyJo;105;84;951;156;21;0;0;2025;0;250;0;;;;;;
00:03:12 SkippyJo;SkippyJo had these stats at 00:03:12:X_LDX_LDCurrent: 450m 160gX_LDRate: 1287m 156gX_LDWork: 26X_LDArmy: 300m 0gX_LDEco: 2775m 0gX_LDTech: 250m 0g;Stats;Stats_5;00:03:12;SkippyJo;450;160;1287;156;26;300;0;2775;0;250;0;;;;;;
00:04:17 SkippyJo;SkippyJo had these stats at 00:04:17:X_LDX_LDCurrent: 24m 136gX_LDRate: 1091m 179gX_LDWork: 23X_LDArmy: 1300m 200gX_LDEco: 2625m 0gX_LDTech: 450m 0g;Stats;Stats_7;00:04:17;SkippyJo;24;136;1091;179;23;1300;200;2625;0;450;0;;;;;;
00:05:21 SkippyJo;SkippyJo had these stats at 00:05:21:X_LDX_LDCurrent: 629m 308gX_LDRate: 1147m 156gX_LDWork: 23X_LDArmy: 1400m 200gX_LDEco: 2975m 0gX_LDTech: 450m 0g;Stats;Stats_9;00:05:21;SkippyJo;629;308;1147;156;23;1400;200;2975;0;450;0;;;;;;
00:06:25 SkippyJo;SkippyJo had these stats at 00:06:25:X_LDX_LDCurrent: 1064m 384gX_LDRate: 1119m 156gX_LDWork: 28X_LDArmy: 750m 0gX_LDEco: 3225m 0gX_LDTech: 450m 0g;Stats;Stats_11;00:06:25;SkippyJo;1064;384;1119;156;28;750;0;3225;0;450;0;;;;;;
00:07:30 SkippyJo;SkippyJo had these stats at 00:07:30:X_LDX_LDCurrent: 54m 31gX_LDRate: 503m 156gX_LDWork: 12X_LDArmy: 450m 150gX_LDEco: 2175m 0gX_LDTech: 600m 100g;Stats;Stats_13;00:07:30;SkippyJo;54;31;503;156;12;450;150;2175;0;600;100;;;;;;
00:01:04 Fluffy;Fluffy had these stats at 00:01:04:X_LDX_LDCurrent: 165m 0gX_LDRate: 951m 0gX_LDWork: 18X_LDArmy: 0m 0gX_LDEco: 1400m 0gX_LDTech: 0m 0g;Stats;Stats_2;00:01:04;Fluffy;165;0;951;0;18;0;0;1400;0;0;0;;;;;;
00:02:08 Fluffy;Fluffy had these stats at 00:02:08:X_LDX_LDCurrent: 210m 112gX_LDRate: 895m 134gX_LDWork: 20X_LDArmy: 0m 0gX_LDEco: 1675m 0gX_LDTech: 300m 0g;Stats;Stats_4;00:02:08;Fluffy;210;112;895;134;20;0;0;1675;0;300;0;;;;;;
00:03:12 Fluffy;Fluffy had these stats at 00:03:12:X_LDX_LDCurrent: 160m 128gX_LDRate: 1343m 335gX_LDWork: 31X_LDArmy: 200m 50gX_LDEco: 2700m 0gX_LDTech: 450m 100g;Stats;Stats_6;00:03:12;Fluffy;160;128;1343;335;31;200;50;2700;0;450;100;;;;;;
00:04:17 Fluffy;Fluffy had these stats at 00:04:17:X_LDX_LDCurrent: 170m 172gX_LDRate: 1931m 111gX_LDWork: 35X_LDArmy: 200m 50gX_LDEco: 3000m 0gX_LDTech: 750m 200g;Stats;Stats_8;00:04:17;Fluffy;170;172;1931;111;35;200;50;3000;0;750;200;;;;;;
00:05:21 Fluffy;Fluffy had these stats at 00:05:21:X_LDX_LDCurrent: 390m 100gX_LDRate: 1147m 111gX_LDWork: 33X_LDArmy: 1150m 200gX_LDEco: 3000m 0gX_LDTech: 1350m 200g;Stats;Stats_10;00:05:21;Fluffy;390;100;1147;111;33;1150;200;3000;0;1350;200;;;;;;
00:06:25 Fluffy;Fluffy had these stats at 00:06:25:X_LDX_LDCurrent: 430m 188gX_LDRate: 1623m 111gX_LDWork: 31X_LDArmy: 1550m 200gX_LDEco: 3000m 0gX_LDTech: 1200m 200g;Stats;Stats_12;00:06:25;Fluffy;430;188;1623;111;31;1550;200;3000;0;1200;200;;;;;;
00:07:30 Fluffy;Fluffy had these stats at 00:07:30:X_LDX_LDCurrent: 70m 312gX_LDRate: 1651m 89gX_LDWork: 33X_LDArmy: 1250m 200gX_LDEco: 3200m 0gX_LDTech: 1650m 200g;Stats;Stats_14;00:07:30;Fluffy;70;312;1651;89;33;1250;200;3200;0;1650;200;;;;;;
Units_2;Units_3;previous;next;same units;1;;;;;;;;;;;;;;;
Units_1;Units_4;previous;next;same units;1;;;;;;;;;;;;;;;
Units_4;Units_6;previous;next;same units;1;;;;;;;;;;;;;;;
Units_3;Units_7;previous;next;same units;1;;;;;;;;;;;;;;;
Units_7;Units_8;previous;next;same units;1;;;;;;;;;;;;;;;
Units_6;Units_9;previous;next;same units;1;;;;;;;;;;;;;;;
Units_8;Units_10;previous;next;same units;1;;;;;;;;;;;;;;;
Units_9;Units_11;previous;next;same units;1;;;;;;;;;;;;;;;
Units_10;Units_12;previous;next;same units;1;;;;;;;;;;;;;;;
Units_11;Units_13;previous;next;same units;1;;;;;;;;;;;;;;;
Units_13;Units_14;previous;next;same units;1;;;;;;;;;;;;;;;
Units_14;Units_15;previous;next;same units;1;;;;;;;;;;;;;;;
Units_12;Units_16;previous;next;same units;1;;;;;;;;;;;;;;;
Units_16;Units_17;previous;next;same units;1;;;;;;;;;;;;;;;
Units_15;Units_18;previous;next;same units;1;;;;;;;;;;;;;;;
Units_5;Units_19;previous;next;same units;1;;;;;;;;;;;;;;;
Units_17;Units_20;previous;next;same units;1;;;;;;;;;;;;;;;
Units_18;Units_21;previous;next;same units;1;;;;;;;;;;;;;;;
Units_20;Units_22;previous;next;same units;1;;;;;;;;;;;;;;;
Units_21;Units_23;previous;next;same units;1;;;;;;;;;;;;;;;
Units_22;Units_27;previous;next;same units;1;;;;;;;;;;;;;;;
Units_23;Units_28;previous;next;same units;1;;;;;;;;;;;;;;;
Units_27;Units_29;previous;next;same units;1;;;;;;;;;;;;;;;
Units_19;Units_30;previous;next;same units;1;;;;;;;;;;;;;;;
Units_29;Units_31;previous;next;same units;1;;;;;;;;;;;;;;;
Units_26;Units_32;previous;next;same units;1;;;;;;;;;;;;;;;
Units_30;Units_33;previous;next;same units;1;;;;;;;;;;;;;;;
Units_31;Units_34;previous;next;same units;1;;;;;;;;;;;;;;;
Units_25;Units_35;previous;next;same units;1;;;;;;;;;;;;;;;
Units_32;Units_36;previous;next;same units;1;;;;;;;;;;;;;;;
Units_34;Units_37;previous;next;same units;1;;;;;;;;;;;;;;;
Units_36;Units_39;previous;next;same units;1;;;;;;;;;;;;;;;
Units_37;Units_40;previous;next;same units;1;;;;;;;;;;;;;;;
Units_38;Units_41;previous;next;same units;1;;;;;;;;;;;;;;;
Units_42;Units_43;previous;next;same units;1;;;;;;;;;;;;;;;
Units_39;Units_44;previous;next;same units;1;;;;;;;;;;;;;;;
Units_43;Units_45;previous;next;same units;1;;;;;;;;;;;;;;;
Units_45;Units_47;previous;next;same units;1;;;;;;;;;;;;;;;
Units_46;Units_50;previous;next;same units;1;;;;;;;;;;;;;;;
Units_47;Units_51;previous;next;same units;1;;;;;;;;;;;;;;;
Units_50;Units_52;previous;next;same units;1;;;;;;;;;;;;;;;
Units_51;Units_53;previous;next;same units;1;;;;;;;;;;;;;;;
Units_52;Units_54;previous;next;same units;1;;;;;;;;;;;;;;;
Units_54;Units_55;previous;next;same units;1;;;;;;;;;;;;;;;
Units_53;Units_56;previous;next;same units;1;;;;;;;;;;;;;;;
Units_55;Units_57;previous;next;same units;1;;;;;;;;;;;;;;;
Units_56;Units_58;previous;next;same units;1;;;;;;;;;;;;;;;
Units_57;Units_59;previous;next;same units;1;;;;;;;;;;;;;;;
Units_58;Units_60;previous;next;same units;1;;;;;;;;;;;;;;;
Units_60;Units_61;previous;next;same units;1;;;;;;;;;;;;;;;
Units_59;Units_62;previous;next;same units;1;;;;;;;;;;;;;;;
Units_28;Units_63;previous;next;same units;1;;;;;;;;;;;;;;;
Units_62;Units_64;previous;next;same units;1;;;;;;;;;;;;;;;
Units_24;Units_65;previous;next;same units;1;;;;;;;;;;;;;;;
Units_64;Units_66;previous;next;same units;1;;;;;;;;;;;;;;;
Units_41;Units_67;previous;next;same units;1;;;;;;;;;;;;;;;
Units_67;Units_68;previous;next;same units;1;;;;;;;;;;;;;;;
Units_61;Units_69;previous;next;same units;1;;;;;;;;;;;;;;;
Units_66;Units_70;previous;next;same units;1;;;;;;;;;;;;;;;
Units_68;Units_71;previous;next;same units;1;;;;;;;;;;;;;;;
Units_33;Units_72;previous;next;same units;1;;;;;;;;;;;;;;;
